field,registry,hardness,resistance
absorber,absorber,5.0F,10.0F
absorber_green,absorber_green,5.0F,10.0F
absorber_pink,absorber_pink,5.0F,10.0F
absorber_red,absorber_red,5.0F,10.0F
ams_base,ams_base,5.0F,100.0F
ams_emitter,ams_emitter,5.0F,100.0F
ams_limiter,ams_limiter,5.0F,100.0F
ancient_scrap,ancient_scrap,100.0F,6000.0F
ash_digamma,ash_digamma,0.5F,150.0F
asphalt,asphalt,15.0F,100.0F
baleonitite_0,baleonitite_0,5.0F,6F
baleonitite_1,baleonitite_1,5.0F,6F
baleonitite_2,baleonitite_2,5.0F,6F
baleonitite_3,baleonitite_3,5.0F,7F
baleonitite_4,baleonitite_4,5.0F,8F
baleonitite_core,baleonitite_core,10.0F,9F
baleonitite_slaked,baleonitite_slaked,5.0F,6F
barbed_wire,barbed_wire,5.0F,10.0F
barbed_wire_acid,barbed_wire_acid,5.0F,10.0F
barbed_wire_fire,barbed_wire_fire,5.0F,10.0F
barbed_wire_poison,barbed_wire_poison,5.0F,10.0F
barbed_wire_ultradeath,barbed_wire_ultradeath,5.0F,10.0F
barbed_wire_wither,barbed_wire_wither,5.0F,10.0F
barrel_antimatter,barrel_antimatter,2.0F,5.0F
barrel_corroded,barrel_corroded,2.0F,5.0F
barrel_iron,barrel_iron,2.0F,5.0F
barrel_plastic,barrel_plastic,2.0F,5.0F
barrel_steel,barrel_steel,2.0F,5.0F
barrel_tcalloy,barrel_tcalloy,2.0F,5.0F
barricade,barricade,1.0F,2.5F
basalt,basalt,5.0F,10.0F
basalt_asbestos,basalt_asbestos,5.0F,10.0F
basalt_brick,basalt_brick,5.0F,10.0F
basalt_fluorite,basalt_fluorite,5.0F,10.0F
basalt_gem,basalt_gem,5.0F,10.0F
basalt_polished,basalt_polished,5.0F,10.0F
basalt_smooth,basalt_smooth,5.0F,10.0F
basalt_sulfur,basalt_sulfur,5.0F,10.0F
basalt_tiles,basalt_tiles,5.0F,10.0F
blast_door,blast_door,250.0F,18000.0F
block_actinium,block_actinium,5.0F,10.0F
block_advanced_alloy,block_advanced_alloy,5.0F,10.0F
block_aluminium,block_aluminium,5.0F,10.0F
block_asbestos,block_asbestos,10.0F,10.0F
block_au198,block_au198,5.0F,600.0F
block_australium,block_australium,5.0F,10.0F
block_bakelite,block_bakelite,3.0F,10.0F
block_beryllium,block_beryllium,5.0F,10.0F
block_bismuth,block_bismuth,5.0F,30.0F
block_boron,block_boron,5.0F,10.0F
block_cadmium,block_cadmium,5.0F,30.0F
block_cap_fritz,block_cap_fritz,5.0F,10.0F
block_cap_korl,block_cap_korl,5.0F,10.0F
block_cap_nuka,block_cap_nuka,5.0F,10.0F
block_cap_quantum,block_cap_quantum,5.0F,10.0F
block_cap_rad,block_cap_rad,5.0F,10.0F
block_cap_sparkle,block_cap_sparkle,5.0F,10.0F
block_cap_star,block_cap_star,5.0F,10.0F
block_cap_sunset,block_cap_sunset,5.0F,10.0F
block_coal_infernal,block_coal_infernal,5.0F,10.0F
block_cobalt,block_cobalt,5.0F,10.0F
block_coke,block_coke,5.0F,10.0F
block_coltan,block_coltan,5.0F,30.0F
block_combine_steel,block_combine_steel,5.0F,600.0F
block_copper,block_copper,5.0F,10.0F
block_corium,block_corium,100.0F,9000.0F
block_corium_cobble,block_corium_cobble,100.0F,6000.0F
block_daffergon,block_daffergon,5.0F,10.0F
block_desh,block_desh,5.0F,600.0F
block_dineutronium,block_dineutronium,5.0F,120000.0F
block_dura_steel,block_dura_steel,5.0F,600.0F
block_electrical_scrap,block_electrical_scrap,2.5F,5.0F
block_euphemium,block_euphemium,5.0F,60000.0F
block_euphemium_cluster,block_euphemium_cluster,5.0F,60000.0F
block_fiberglass,block_fiberglass,5.0F,10.0F
block_fluorite,block_fluorite,5.0F,10.0F
block_foam,block_foam,0.5F,0.0F
block_graphite,block_graphite,5.0F,10.0F
block_insulator,block_insulator,5.0F,10.0F
block_lanthanium,block_lanthanium,5.0F,10.0F
block_lead,block_lead,5.0F,10.0F
block_lignite,block_lignite,5.0F,10.0F
block_lithium,block_lithium,5.0F,10.0F
block_magnetized_tungsten,block_magnetized_tungsten,5.0F,35.0F
block_meteor,block_meteor,15.0F,900.0F
block_meteor_broken,block_meteor_broken,15.0F,900.0F
block_meteor_cobble,block_meteor_cobble,15.0F,900.0F
block_meteor_molten,block_meteor_molten,15.0F,900.0F
block_meteor_treasure,block_meteor_treasure,15.0F,900.0F
block_mox_fuel,block_mox_fuel,5.0F,10.0F
block_neptunium,block_neptunium,5.0F,10.0F
block_niobium,block_niobium,5.0F,30.0F
block_niter,block_niter,5.0F,10.0F
block_niter_reinforced,block_niter_reinforced,15.0F,6000.0F
block_plutonium,block_plutonium,5.0F,10.0F
block_plutonium_fuel,block_plutonium_fuel,5.0F,10.0F
block_polonium,block_polonium,5.0F,10.0F
block_polymer,block_polymer,3.0F,10.0F
block_pu238,block_pu238,5.0F,10.0F
block_pu239,block_pu239,5.0F,10.0F
block_pu240,block_pu240,5.0F,10.0F
block_pu_mix,block_pu_mix,5.0F,10.0F
block_ra226,block_ra226,5.0F,10.0F
block_radspice,block_radspice,5.0F,10.0F
block_red_copper,block_red_copper,5.0F,10.0F
block_red_phosphorus,block_red_phosphorus,5.0F,10.0F
block_reiium,block_reiium,5.0F,10.0F
block_rubber,block_rubber,3.0F,10.0F
block_saturnite,block_saturnite,6.0F,800.0F
block_schrabidate,block_schrabidate,5.0F,600.0F
block_schrabidium,block_schrabidium,5.0F,600.0F
block_schrabidium_cluster,block_schrabidium_cluster,5.0F,60000.0F
block_schrabidium_fuel,block_schrabidium_fuel,5.0F,600.0F
block_schraranium,block_schraranium,5.0F,600.0F
block_scrap,block_scrap,2.5F,5.0F
block_semtex,block_semtex,2.0F,2.0F
block_slag,block_slag,2.0F,5.0F
block_smore,block_smore,15.0F,900.0F
block_solid_fuel,block_solid_fuel,5.0F,10.0F
block_solid_fuel_bf,block_solid_fuel_bf,5.0F,10.0F
block_solid_fuel_presto,block_solid_fuel_presto,5.0F,10.0F
block_solid_fuel_presto_bf,block_solid_fuel_presto_bf,5.0F,10.0F
block_solid_fuel_presto_triplet,block_solid_fuel_presto_triplet,5.0F,10.0F
block_solid_fuel_presto_triplet_bf,block_solid_fuel_presto_triplet_bf,5.0F,10.0F
block_solinium,block_solinium,5.0F,600.0F
block_starmetal,block_starmetal,5.0F,600.0F
block_steel,block_steel,5.0F,10.0F
block_sulfur,block_sulfur,5.0F,10.0F
block_tantalium,block_tantalium,5.0F,30.0F
block_thorium,block_thorium,5.0F,10.0F
block_thorium_fuel,block_thorium_fuel,5.0F,10.0F
block_titanium,block_titanium,5.0F,10.0F
block_trinitite,block_trinitite,5.0F,10.0F
block_tritium,block_tritium,3.0F,2.0F
block_tungsten,block_tungsten,5.0F,10.0F
block_u233,block_u233,5.0F,10.0F
block_u235,block_u235,5.0F,10.0F
block_u238,block_u238,5.0F,10.0F
block_unobtainium,block_unobtainium,5.0F,10.0F
block_uranium,block_uranium,5.0F,10.0F
block_uranium_fuel,block_uranium_fuel,5.0F,10.0F
block_verticium,block_verticium,5.0F,10.0F
block_waste,block_waste,5.0F,10.0F
block_waste_painted,block_waste_painted,5.0F,10.0F
block_waste_vitrified,block_waste_vitrified,5.0F,10.0F
block_weidanium,block_weidanium,5.0F,10.0F
block_white_phosphorus,block_white_phosphorus,5.0F,10.0F
block_yellowcake,block_yellowcake,5.0F,600.0F
block_zirconium,block_zirconium,5.0F,10.0F
bm_power_box,bm_power_box,10.0F,15.0F
boat,boat,10.0F,10.0F
bomb_multi,bomb_multi,,6000.0F
book_crafting,book_crafting,2.0F,2.0F
book_guide,book_guide,5.0F,10.0F
boxcar,boxcar,10.0F,10.0F
brick_asbestos,brick_asbestos,15.0F,1000.0F
brick_asbestos_slab,brick_asbestos_slab,,500.0F
brick_asbestos_stairs,brick_asbestos_stairs,,750.0F
brick_compound,brick_compound,15.0F,10000.0F
brick_compound_slab,brick_compound_slab,15.0F,5000.0F
brick_compound_stairs,brick_compound_stairs,15.0F,7500.0F
brick_concrete,brick_concrete,15.0F,6000.0F
brick_concrete_broken,brick_concrete_broken,15.0F,1500.0F
brick_concrete_broken_slab,brick_concrete_broken_slab,15.0F,750.0F
brick_concrete_broken_stairs,brick_concrete_broken_stairs,15.0F,1125.0F
brick_concrete_cracked,brick_concrete_cracked,15.0F,2000.0F
brick_concrete_cracked_slab,brick_concrete_cracked_slab,15.0F,1000.0F
brick_concrete_cracked_stairs,brick_concrete_cracked_stairs,15.0F,1500.0F
brick_concrete_marked,brick_concrete_marked,15.0F,1500.0F
brick_concrete_mossy,brick_concrete_mossy,15.0F,6000.0F
brick_concrete_mossy_slab,brick_concrete_mossy_slab,15.0F,3000.0F
brick_concrete_mossy_stairs,brick_concrete_mossy_stairs,15.0F,4500.0F
brick_concrete_slab,brick_concrete_slab,15.0F,3000.0F
brick_concrete_stairs,brick_concrete_stairs,15.0F,4500.0F
brick_dungeon,brick_dungeon,15.0F,900.0F
brick_dungeon_circle,brick_dungeon_circle,15.0F,900.0F
brick_dungeon_flat,brick_dungeon_flat,15.0F,900.0F
brick_dungeon_tile,brick_dungeon_tile,15.0F,900.0F
brick_fire,brick_fire,10.0F,100.0F
brick_fire_slab,brick_fire_slab,,50.0F
brick_fire_stairs,brick_fire_stairs,,75.0F
brick_jungle,brick_jungle,15.0F,900.0F
brick_jungle_circle,brick_jungle_circle,15.0F,900.0F
brick_jungle_cracked,brick_jungle_cracked,15.0F,900.0F
brick_jungle_glyph,brick_jungle_glyph,15.0F,900.0F
brick_jungle_lava,brick_jungle_lava,15.0F,900.0F
brick_jungle_mystic,brick_jungle_mystic,15.0F,900.0F
brick_jungle_ooze,brick_jungle_ooze,15.0F,900.0F
brick_jungle_trap,brick_jungle_trap,15.0F,900.0F
brick_light,brick_light,15.0F,1000.0F
brick_light_slab,brick_light_slab,,500.0F
brick_light_stairs,brick_light_stairs,,750.0F
brick_obsidian,brick_obsidian,15.0F,8000.0F
brick_obsidian_slab,brick_obsidian_slab,15.0F,4000.0F
brick_obsidian_stairs,brick_obsidian_stairs,15.0F,6000.0F
broadcaster_pc,broadcaster_pc,5.0F,15.0F
cable_detector,cable_detector,5.0F,10.0F
cable_diode,cable_diode,5.0F,10.0F
cable_switch,cable_switch,5.0F,10.0F
cheater_virus,cheater_virus,Float.POSITIVE_INFINITY,Float.POSITIVE_INFINITY
cheater_virus_seed,cheater_virus_seed,Float.POSITIVE_INFINITY,Float.POSITIVE_INFINITY
chlorine_gas,chlorine_gas,0.0F,0.0F
cluster_aluminium,cluster_aluminium,5.0F,35.0F
cluster_copper,cluster_copper,5.0F,35.0F
cluster_iron,cluster_iron,5.0F,35.0F
cluster_titanium,cluster_titanium,5.0F,35.0F
cmb_brick,cmb_brick,25.0F,6000.0F
cmb_brick_reinforced,cmb_brick_reinforced,25.0F,60000.0F
cmb_brick_reinforced_slab,cmb_brick_reinforced_slab,25.0F,30000.0F
cmb_brick_reinforced_stairs,cmb_brick_reinforced_stairs,25.0F,45000.0F
compact_launcher,compact_launcher,5.0F,10.0F
concrete,concrete,15.0F,4000.0F
concrete_asbestos,concrete_asbestos,15.0F,4000.0F
concrete_asbestos_slab,concrete_asbestos_slab,15.0F,2000.0F
concrete_asbestos_stairs,concrete_asbestos_stairs,15.0F,3000.0F
concrete_black,concrete_black,15.0F,4000.0F
concrete_black_slab,concrete_black_slab,15.0F,2000.0F
concrete_black_stairs,concrete_black_stairs,15.0F,3000.0F
concrete_blue,concrete_blue,15.0F,4000.0F
concrete_blue_slab,concrete_blue_slab,15.0F,2000.0F
concrete_blue_stairs,concrete_blue_stairs,15.0F,3000.0F
concrete_brown,concrete_brown,15.0F,4000.0F
concrete_brown_slab,concrete_brown_slab,15.0F,2000.0F
concrete_brown_stairs,concrete_brown_stairs,15.0F,3000.0F
concrete_cyan,concrete_cyan,15.0F,4000.0F
concrete_cyan_slab,concrete_cyan_slab,15.0F,2000.0F
concrete_cyan_stairs,concrete_cyan_stairs,15.0F,3000.0F
concrete_gray,concrete_gray,15.0F,4000.0F
concrete_gray_slab,concrete_gray_slab,15.0F,2000.0F
concrete_gray_stairs,concrete_gray_stairs,15.0F,3000.0F
concrete_green,concrete_green,15.0F,4000.0F
concrete_green_slab,concrete_green_slab,15.0F,2000.0F
concrete_green_stairs,concrete_green_stairs,15.0F,3000.0F
concrete_hazard,concrete_hazard,15.0F,4000.0F
concrete_light_blue,concrete_light_blue,15.0F,4000.0F
concrete_light_blue_slab,concrete_light_blue_slab,15.0F,2000.0F
concrete_light_blue_stairs,concrete_light_blue_stairs,15.0F,3000.0F
concrete_lime,concrete_lime,15.0F,4000.0F
concrete_lime_slab,concrete_lime_slab,15.0F,2000.0F
concrete_lime_stairs,concrete_lime_stairs,15.0F,3000.0F
concrete_magenta,concrete_magenta,15.0F,4000.0F
concrete_magenta_slab,concrete_magenta_slab,15.0F,2000.0F
concrete_magenta_stairs,concrete_magenta_stairs,15.0F,3000.0F
concrete_orange,concrete_orange,15.0F,4000.0F
concrete_orange_slab,concrete_orange_slab,15.0F,2000.0F
concrete_orange_stairs,concrete_orange_stairs,15.0F,3000.0F
concrete_pillar,concrete_pillar,15.0F,4000.0F
concrete_pink,concrete_pink,15.0F,4000.0F
concrete_pink_slab,concrete_pink_slab,15.0F,2000.0F
concrete_pink_stairs,concrete_pink_stairs,15.0F,3000.0F
concrete_purple,concrete_purple,15.0F,4000.0F
concrete_purple_slab,concrete_purple_slab,15.0F,2000.0F
concrete_purple_stairs,concrete_purple_stairs,15.0F,3000.0F
concrete_red,concrete_red,15.0F,4000.0F
concrete_red_slab,concrete_red_slab,15.0F,2000.0F
concrete_red_stairs,concrete_red_stairs,15.0F,3000.0F
concrete_silver,concrete_silver,15.0F,4000.0F
concrete_silver_slab,concrete_silver_slab,15.0F,2000.0F
concrete_silver_stairs,concrete_silver_stairs,15.0F,3000.0F
concrete_slab,concrete_slab,15.0F,2000.0F
concrete_smooth,concrete_smooth,15.0F,4000.0F
concrete_smooth_slab,concrete_smooth_slab,15.0F,2000.0F
concrete_smooth_stairs,concrete_smooth_stairs,15.0F,3000.0F
concrete_stairs,concrete_stairs,15.0F,3000.0F
concrete_white,concrete_white,15.0F,4000.0F
concrete_white_slab,concrete_white_slab,15.0F,2000.0F
concrete_white_stairs,concrete_white_stairs,15.0F,3000.0F
concrete_yellow,concrete_yellow,15.0F,4000.0F
concrete_yellow_slab,concrete_yellow_slab,15.0F,2000.0F
concrete_yellow_stairs,concrete_yellow_stairs,15.0F,3000.0F
control_panel_custom,control_panel_custom,0.25F,2.0F
conveyor,conveyor,3.0F,2.0F
conveyor_chute,conveyor_chute,3.0F,2.0F
conveyor_double,conveyor_double,3.0F,2.0F
conveyor_express,conveyor_express,3.0F,2.0F
conveyor_lift,conveyor_lift,3.0F,2.0F
conveyor_triple,conveyor_triple,3.0F,2.0F
crane_boxer,crane_boxer,3.0F,2.0F
crane_ejector,crane_ejector,3.0F,2.0F
crane_grabber,crane_grabber,3.0F,2.0F
crane_inserter,crane_inserter,3.0F,2.0F
crane_router,crane_router,3.0F,2.0F
crane_splitter,crane_splitter,3.0F,2.0F
crane_unboxer,crane_unboxer,3.0F,2.0F
crashed_balefire,crashed_bomb,55.0F,100.0F
crate,crate,5.0F,10.0F
crate_ammo,crate_ammo,1.0F,2.5F
crate_can,crate_can,1.0F,2.5F
crate_desh,crate_desh,7.5F,300.0F
crate_iron,crate_iron,5.0F,10.0F
crate_jungle,crate_jungle,1.0F,2.5F
crate_lead,crate_lead,5.0F,10.0F
crate_metal,crate_metal,5.0F,10.0F
crate_red,crate_red,5.0F,10.0F
crate_steel,crate_steel,5.0F,20.0F
crate_tungsten,crate_tungsten,15F,10000.0F
crate_weapon,crate_weapon,5.0F,10.0F
crystal_hardened,crystal_hardened,15.0F,Float.POSITIVE_INFINITY
crystal_pulsar,crystal_pulsar,15.0F,Float.POSITIVE_INFINITY
crystal_virus,crystal_virus,15.0F,Float.POSITIVE_INFINITY
deco_aluminium,deco_aluminium,5.0F,10.0F
deco_asbestos,deco_asbestos,5.0F,10.0F
deco_beryllium,deco_beryllium,5.0F,10.0F
deco_lead,deco_lead,5.0F,10.0F
deco_pipe,deco_pipe,2.0F,5.0F
deco_pipe_framed,deco_pipe_framed,2.0F,5.0F
deco_pipe_framed_green,deco_pipe_framed_green,2.0F,5.0F
deco_pipe_framed_green_rusted,deco_pipe_framed_green_rusted,2.0F,5.0F
deco_pipe_framed_marked,deco_pipe_framed_marked,2.0F,5.0F
deco_pipe_framed_red,deco_pipe_framed_red,2.0F,5.0F
deco_pipe_framed_rusted,deco_pipe_framed_rusted,2.0F,5.0F
deco_pipe_green,deco_pipe_green,2.0F,5.0F
deco_pipe_green_rusted,deco_pipe_green_rusted,2.0F,5.0F
deco_pipe_marked,deco_pipe_marked,2.0F,5.0F
deco_pipe_quad,deco_pipe_quad,2.0F,5.0F
deco_pipe_quad_green,deco_pipe_quad_green,2.0F,5.0F
deco_pipe_quad_green_rusted,deco_pipe_quad_green_rusted,2.0F,5.0F
deco_pipe_quad_marked,deco_pipe_quad_marked,2.0F,5.0F
deco_pipe_quad_red,deco_pipe_quad_red,2.0F,5.0F
deco_pipe_quad_rusted,deco_pipe_quad_rusted,2.0F,5.0F
deco_pipe_red,deco_pipe_red,2.0F,5.0F
deco_pipe_rim,deco_pipe_rim,2.0F,5.0F
deco_pipe_rim_green,deco_pipe_rim_green,2.0F,5.0F
deco_pipe_rim_green_rusted,deco_pipe_rim_green_rusted,2.0F,5.0F
deco_pipe_rim_marked,deco_pipe_rim_marked,2.0F,5.0F
deco_pipe_rim_red,deco_pipe_rim_red,2.0F,5.0F
deco_pipe_rim_rusted,deco_pipe_rim_rusted,2.0F,5.0F
deco_pipe_rusted,deco_pipe_rusted,2.0F,5.0F
deco_rbmk,deco_rbmk,5.0F,10.0F
deco_rbmk_smooth,deco_rbmk_smooth,5.0F,10.0F
deco_red_copper,deco_red_copper,5.0F,10.0F
sat_foeq,deco_sat_foeq,5.0F,10.0F
sat_laser,deco_sat_laser,5.0F,10.0F
sat_mapper,deco_sat_mapper,5.0F,10.0F
sat_radar,deco_sat_radar,5.0F,10.0F
sat_resonator,deco_sat_resonator,5.0F,10.0F
sat_scanner,deco_sat_scanner,5.0F,10.0F
deco_steel,deco_steel,5.0F,10.0F
deco_titanium,deco_titanium,5.0F,10.0F
deco_tungsten,deco_tungsten,5.0F,10.0F
decon,decon,5.0F,10.0F
decon_digamma,decon_digamma,5.0F,10.0F
depth_dnt,depth_dnt,,60000.0F
det_bale,det_bale,0.1F,0.0F
det_charge,det_charge,0.1F,0.0F
det_cord,det_cord,0.1F,0.0F
det_miner,det_miner,0.1F,0.0F
det_n2,det_n2,0.1F,0.0F
det_nuke,det_nuke,0.1F,0.0F
dfc_core,dfc_core,5.0F,10.0F
dfc_emitter,dfc_emitter,5.0F,10.0F
dfc_injector,dfc_injector,5.0F,10.0F
dfc_receiver,dfc_receiver,5.0F,10.0F
dfc_stabilizer,dfc_stabilizer,5.0F,10.0F
digamma_matter,digamma_matter,,18000000
door_bunker,door_bunker,10.0F,100.0F
door_metal,door_metal,5.0F,5.0F
door_office,door_office,10.0F,10.0F
drill_pipe,drill_pipe,5.0F,10.0F
ducrete,ducrete,20.0F,8000.0F
ducrete_brick,ducrete_brick,15.0F,12000.0F
ducrete_brick_slab,ducrete_brick_slab,15.0F,6000.0F
ducrete_brick_stairs,ducrete_brick_stairs,15.0F,9000.0F
ducrete_reinforced,ducrete_reinforced,20.0F,24000.0F
ducrete_reinforced_slab,ducrete_reinforced_slab,20.0F,12000.0F
ducrete_reinforced_stairs,ducrete_reinforced_stairs,20.0F,18000.0F
ducrete_slab,ducrete_slab,20.0F,4000.0F
ducrete_smooth,ducrete_smooth,20.0F,8000.0F
ducrete_smooth_slab,ducrete_smooth_slab,20.0F,4000.0F
ducrete_smooth_stairs,ducrete_smooth_stairs,20.0F,6000.0F
ducrete_stairs,ducrete_stairs,20.0F,6000.0F
dummy_block_ams_base,dummy_block_ams_base,5.0F,10.0F
dummy_block_ams_emitter,dummy_block_ams_emitter,5.0F,10.0F
dummy_block_ams_limiter,dummy_block_ams_limiter,5.0F,10.0F
dummy_block_assembler,dummy_block_assembler,5.0F,10.0F
dummy_block_blast,dummy_block_blast,500.0F,10000.0F
dummy_block_centrifuge,dummy_block_centrifuge,5.0F,10.0F
dummy_block_chemplant,dummy_block_chemplant,5.0F,10.0F
dummy_block_cyclotron,dummy_block_cyclotron,5.0F,10.0F
dummy_block_flare,dummy_block_flare,5.0F,10.0F
dummy_block_fluidtank,dummy_block_fluidtank,5.0F,10.0F
dummy_block_gascent,dummy_block_gascent,5.0F,10.0F
dummy_block_pumpjack,dummy_block_pumpjack,5.0F,10.0F
dummy_block_radgen,dummy_block_radgen,5.0F,10.0F
dummy_block_reactor_small,dummy_block_reactor_small,5.0F,10.0F
dummy_block_refinery,dummy_block_refinery,5.0F,10.0F
dummy_block_silo_hatch,dummy_block_silo_hatch,100.0F,5000.0F
dummy_block_turbofan,dummy_block_turbofan,5.0F,10.0F
dummy_block_vault,dummy_block_vault,1000.0F,10000.0F
dummy_block_well,dummy_block_well,5.0F,10.0F
dummy_plate_cargo,dummy_plate_cargo,5.0F,10.0F
dummy_plate_compact_launcher,dummy_plate_compact_launcher,5.0F,10.0F
dummy_plate_launch_table,dummy_plate_launch_table,5.0F,10.0F
dummy_port_ams_base,dummy_port_ams_base,5.0F,10.0F
dummy_port_ams_emitter,dummy_port_ams_emitter,5.0F,10.0F
dummy_port_ams_limiter,dummy_port_ams_limiter,5.0F,10.0F
dummy_port_assembler,dummy_port_assembler,5.0F,10.0F
dummy_port_chemplant,dummy_port_chemplant,5.0F,10.0F
dummy_port_compact_launcher,dummy_port_compact_launcher,5.0F,10.0F
dummy_port_cyclotron,dummy_port_cyclotron,5.0F,10.0F
dummy_port_flare,dummy_port_flare,5.0F,10.0F
dummy_port_fluidtank,dummy_port_fluidtank,5.0F,10.0F
dummy_port_launch_table,dummy_port_launch_table,5.0F,10.0F
dummy_port_pumpjack,dummy_port_pumpjack,5.0F,10.0F
dummy_port_radgen,dummy_port_radgen,5.0F,10.0F
dummy_port_reactor_small,dummy_port_reactor_small,5.0F,10.0F
dummy_port_refinery,dummy_port_refinery,5.0F,10.0F
dummy_port_turbofan,dummy_port_turbofan,5.0F,10.0F
dummy_port_well,dummy_port_well,5.0F,10.0F
chain,dungeon_chain,0.25F,2.0F
emp_bomb,emp_bomb,5.0F,6000.0F
factory_advanced_conductor,factory_advanced_conductor,5.0F,10.0F
factory_advanced_core,factory_advanced_core,5.0F,10.0F
factory_advanced_furnace,factory_advanced_furnace,5.0F,10.0F
factory_advanced_hull,factory_advanced_hull,5.0F,10.0F
factory_titanium_conductor,factory_titanium_conductor,5.0F,10.0F
factory_titanium_core,factory_titanium_core,5.0F,10.0F
factory_titanium_furnace,factory_titanium_furnace,5.0F,10.0F
factory_titanium_hull,factory_titanium_hull,5.0F,10.0F
fence_metal,fence_metal,15.0F,0.25F
field_disturber,field_disturber,5.0F,200.0F
fire_digamma,fire_digamma,0.0F,150F
fire_door,fire_door,100.0F,10000.0F
fireworks,fireworks,,5.0F
flame_war,flame_war,5.0F,6000.0F
float_bomb,float_bomb,5.0F,6000.0F
fluid_duct_mk2,fluid_duct_mk2,5.0F,10.0F
fluid_duct_solid,fluid_duct_solid,5.0F,10.0F
fluid_duct_solid_sealed,fluid_duct_solid_sealed,15.0F,10000.0F
foundry_basin,foundry_basin,5.0F,10.0F
foundry_channel,foundry_channel,5.0F,10.0F
foundry_mold,foundry_mold,5.0F,10.0F
foundry_outlet,foundry_outlet,5.0F,10.0F
fraction_spacer,fraction_spacer,5.0F,10.0F
frozen_dirt,frozen_dirt,0.5F,2.5F
frozen_grass,frozen_grass,0.5F,2.5F
frozen_log,frozen_log,0.5F,2.5F
frozen_planks,frozen_planks,0.5F,2.5F
furnace_combination,furnace_combination,5.0F,10.0F
furnace_iron,furnace_iron,5.0F,10.0F
furnace_steel,furnace_steel,5.0F,10.0F
fusion_center,fusion_center,5.0F,10.0F
fusion_conductor,fusion_conductor,5.0F,10.0F
fusion_core,fusion_core_block,5.0F,10.0F
fusion_hatch,fusion_hatch,5.0F,10.0F
fusion_heater,fusion_heater,5.0F,10.0F
fusion_motor,fusion_motor,5.0F,10.0F
fwatz_computer,fwatz_computer,5.0F,10.0F
fwatz_conductor,fwatz_conductor,5.0F,10.0F
fwatz_cooler,fwatz_cooler,5.0F,10.0F
fwatz_core,fwatz_core,5.0F,10.0F
fwatz_hatch,fwatz_hatch,5.0F,10.0F
fwatz_plasma,fwatz_plasma,5.0F,6000.0F
fwatz_scaffold,fwatz_scaffold,5.0F,10.0F
fwatz_tank,fwatz_tank,5.0F,2000.0F
geiger,geiger,15.0F,0.25F
glass_ash,glass_ash,3F,20_000
glass_quartz,glass_quartz,1.0F,40.0F
glow_spawner,glow_spawner,15.0F,900.0F
gravel_obsidian,gravel_obsidian,5.0F,600F
hadron_access,hadron_access,5.0F,10.0F
hadron_analysis,hadron_analysis,5.0F,10.0F
hadron_analysis_glass,hadron_analysis_glass,5.0F,1000.0F
hadron_coil_alloy,hadron_coil_alloy,5.0F,10.0F
hadron_coil_chlorophyte,hadron_coil_chlorophyte,5.0F,10.0F
hadron_coil_gold,hadron_coil_gold,5.0F,10.0F
hadron_coil_magtung,hadron_coil_magtung,5.0F,10.0F
hadron_coil_mese,hadron_coil_mese,5.0F,10.0F
hadron_coil_neodymium,hadron_coil_neodymium,5.0F,10.0F
hadron_coil_schrabidate,hadron_coil_schrabidate,5.0F,10.0F
hadron_coil_schrabidium,hadron_coil_schrabidium,5.0F,10.0F
hadron_coil_starmetal,hadron_coil_starmetal,5.0F,10.0F
hadron_core,hadron_core,5.0F,10.0F
hadron_diode,hadron_diode,5.0F,10.0F
hadron_plating,hadron_plating,5.0F,10.0F
hadron_plating_black,hadron_plating_black,5.0F,10.0F
hadron_plating_blue,hadron_plating_blue,5.0F,10.0F
hadron_plating_glass,hadron_plating_glass,5.0F,1000.0F
hadron_plating_striped,hadron_plating_striped,5.0F,10.0F
hadron_plating_voltz,hadron_plating_voltz,5.0F,10.0F
hadron_plating_yellow,hadron_plating_yellow,5.0F,10.0F
hadron_power,hadron_power,5.0F,10.0F
hazmat,hazmat,15.0F,100.0F
heat_boiler,heat_boiler,5.0F,10.0F
heater_electric,heater_electric,5.0F,10.0F
heater_firebox,heater_firebox,5.0F,10.0F
heater_heatex,heater_heatex,5.0F,10.0F
heater_oilburner,heater_oilburner,5.0F,10.0F
heater_oven,heater_oven,5.0F,10.0F
heater_rt,heater_rt,5.0F,10.0F
iter,iter,5.0F,6000.0F
keypad_test,keypad_test,15.0F,7500.0F
ladder_aluminium,ladder_aluminium,0.25F,2.0F
ladder_cobalt,ladder_cobalt,0.25F,2.0F
ladder_copper,ladder_copper,0.25F,2.0F
ladder_gold,ladder_gold,0.25F,2.0F
ladder_iron,ladder_iron,0.25F,2.0F
ladder_lead,ladder_lead,0.25F,2.0F
ladder_red,ladder_red,0.25F,2.0F
ladder_red_top,ladder_red_top,0.25F,2.0F
ladder_steel,ladder_steel,0.25F,2.0F
ladder_sturdy,ladder_sturdy,0.25F,2.0F
ladder_titanium,ladder_titanium,0.25F,2.0F
ladder_tungsten,ladder_tungsten,0.25F,2.0F
large_vehicle_door,large_vehicle_door,100.0F,10000.0F
launch_pad,launch_pad,5.0F,10.0F
launch_table,launch_table,5.0F,10.0F
lox_barrel,lox_barrel,0.5F,2.5F
machine_amgen,machine_amgen,5.0F,10.0F
machine_arc_furnace_off,machine_arc_furnace_off,5.0F,10.0F
machine_arc_furnace_on,machine_arc_furnace_on,5.0F,10.0F
machine_arc_welder,machine_arc_welder,5.0F,50.0F
machine_armor_table,machine_armor_table,5.0F,10.0F
machine_assembler,machine_assembler,5.0F,100.0F
machine_autocrafter,machine_autocrafter,10.0F,20.0F
machine_bat9000,machine_bat9000,5.0F,10.0F
machine_battery,machine_battery,2.0F,4.0F
machine_battery_potato,machine_battery_potato,1.0F,1.0F
machine_boiler_electric_off,machine_boiler_electric_off,5.0F,10.0F
machine_boiler_electric_on,machine_boiler_electric_on,5.0F,10.0F
machine_boiler_off,machine_boiler_off,5.0F,10.0F
machine_boiler_on,machine_boiler_on,5.0F,10.0F
machine_boiler_rtg_off,machine_boiler_rtg_off,5.0F,10.0F
machine_boiler_rtg_on,machine_boiler_rtg_on,5.0F,10.0F
machine_catalytic_cracker,machine_catalytic_cracker,5.0F,10.0F
machine_catalytic_reformer,machine_catalytic_reformer,5.0F,10.0F
machine_centrifuge,machine_centrifuge,5.0F,10.0F
machine_chemfac,machine_chemfac,5.0F,30.0F
machine_chemplant,machine_chemplant,5.0F,100.0F
machine_chungus,machine_chungus,5.0F,10.0F
machine_coal_off,machine_coal_off,5.0F,10.0F
machine_coal_on,machine_coal_on,5.0F,10.0F
machine_coker,machine_coker,5.0F,10.0F
machine_condenser,machine_condenser,5.0F,10.0F
machine_condenser_powered,machine_condenser_powered,5.0F,10.0F
machine_controller,machine_controller,5.0F,10.0F
machine_converter_he_rf,machine_converter_he_rf,5.0F,10.0F
machine_converter_rf_he,machine_converter_rf_he,5.0F,10.0F
machine_crucible,machine_crucible,5.0F,10.0F
machine_crystallizer,machine_crystallizer,5.0F,10.0F
machine_cyclotron,machine_cyclotron,5.0F,10.0F
machine_desh_battery,machine_desh_battery,6.0F,100.0F
machine_detector,machine_detector,5.0F,10.0F
machine_deuterium_extractor,machine_deuterium_extractor,5.0F,10.0F
machine_deuterium_tower,machine_deuterium_tower,10.0F,20.0F
machine_diesel,machine_diesel,5.0F,10.0F
machine_difurnace_ext,machine_difurnace_ext,5.0F,10.0F
machine_difurnace_off,machine_difurnace_off,5.0F,10.0F
machine_difurnace_on,machine_difurnace_on,5.0F,10.0F
machine_difurnace_rtg_off,machine_difurnace_rtg_off,5.0F,10.0F
machine_difurnace_rtg_on,machine_difurnace_rtg_on,5.0F,10.0F
machine_dineutronium_battery,machine_dineutronium_battery,14.0F,600_000.0F
machine_electric_furnace_off,machine_electric_furnace_off,5.0F,10.0F
machine_electric_furnace_on,machine_electric_furnace_on,5.0F,10.0F
machine_electronium_battery,machine_electronium_battery,16.0F,2_000_000.0F
machine_epress,machine_epress,5.0F,10.0F
machine_euphemium_battery,machine_euphemium_battery,10.0F,4_000.0F
machine_excavator,machine_excavator,5.0F,100.0F
machine_fensu,machine_fensu,5.0F,4_000_000.0F
machine_flare,machine_flare,5.0F,100.0F
machine_fluidtank,machine_fluidtank,5.0F,100.0F
machine_forcefield,machine_forcefield,5.0F,100.0F
machine_fracking_tower,machine_fracking_tower,5.0F,100.0F
machine_fraction_tower,machine_fraction_tower,5.0F,10.0F
machine_gascent,machine_gascent,5.0F,10.0F
machine_generator,machine_generator,5.0F,10.0F
machine_geo,machine_geo,5.0F,10.0F
machine_hydrotreater,machine_hydrotreater,5.0F,10.0F
machine_industrial_generator,machine_industrial_generator,5.0F,10.0F
machine_keyforge,machine_keyforge,5.0F,10.0F
machine_large_turbine,machine_large_turbine,5.0F,10.0F
machine_liquefactor,machine_liquefactor,10.0F,20.0F
machine_lithium_battery,machine_lithium_battery,4.0F,10.0F
machine_microwave,machine_microwave,5.0F,10.0F
machine_mining_laser,machine_mining_laser,5.0F,100.0F
machine_minirtg,machine_minirtg,5.0F,10.0F
machine_missile_assembly,machine_missile_assembly,5.0F,10.0F
machine_mixer,machine_mixer,5.0F,30.0F
machine_nuke_furnace_off,machine_nuke_furnace_off,5.0F,10.0F
machine_nuke_furnace_on,machine_nuke_furnace_on,5.0F,10.0F
machine_orbus,machine_orbus,5.0F,10.0F
machine_press,machine_press,5.0F,10.0F
machine_pumpjack,machine_pumpjack,5.0F,100.0F
machine_radar,machine_radar,5.0F,10.0F
machine_radgen,machine_radgen,5.0F,10.0F
machine_radspice_battery,machine_radspice_battery,12.0F,40_000.0F
machine_reactor,machine_reactor,5.0F,10.0F
machine_reactor_on,machine_reactor_on,5.0F,10.0F
machine_reactor_small,machine_reactor_small,5.0F,10.0F
machine_refinery,machine_refinery,5.0F,100.0F
machine_rtg,machine_rtg,5.0F,10.0F
machine_rtg_furnace_off,machine_rtg_furnace_off,5.0F,10.0F
machine_rtg_furnace_on,machine_rtg_furnace_on,5.0F,10.0F
machine_rtg_grey,machine_rtg_grey,5.0F,10.0F
machine_satlinker,machine_satlinker,5.0F,10.0F
machine_saturnite_battery,machine_saturnite_battery,5.0F,20.0F
machine_schrabidium_battery,machine_schrabidium_battery,8.0F,500.0F
machine_schrabidium_transmutator,machine_schrabidium_transmutator,5.0F,100.0F
machine_selenium,machine_selenium,5.0F,10.0F
machine_shredder,machine_shredder,5.0F,10.0F
machine_silex,machine_silex,5.0F,10.0F
machine_siren,machine_siren,5.0F,10.0F
machine_solar_boiler,machine_solar_boiler,5.0F,10.0F
machine_soldering_station,machine_soldering_station,5.0F,50.0F
machine_solidifier,machine_solidifier,10.0F,20.0F
machine_spp_bottom,machine_spp_bottom,5.0F,10.0F
machine_spp_top,machine_spp_top,5.0F,10.0F
machine_storage_drum,machine_storage_drum,5.0F,10.0F
machine_strand_caster,machine_strand_caster,5.0F,10.0F
machine_telelinker,machine_telelinker,5.0F,10.0F
machine_teleporter,machine_teleporter,5.0F,10.0F
machine_tower_large,machine_tower_large,5.0F,10.0F
machine_tower_small,machine_tower_small,5.0F,10.0F
machine_transformer,machine_transformer,5.0F,10.0F
machine_transformer_20,machine_transformer_20,5.0F,10.0F
machine_transformer_dnt,machine_transformer_dnt,5.0F,10.0F
machine_transformer_dnt_20,machine_transformer_dnt_20,5.0F,10.0F
machine_turbine,machine_turbine,5.0F,10.0F
machine_turbofan,machine_turbofan,5.0F,10.0F
machine_vacuum_distill,machine_vacuum_distill,5.0F,20.0F
machine_waste_drum,machine_waste_drum,5.0F,10.0F
machine_well,machine_well,5.0F,100.0F
marker_structure,marker_structure,0.0F,0.0F
meteor_battery,meteor_battery,15.0F,900.0F
meteor_brick,meteor_brick,15.0F,900.0F
meteor_brick_chiseled,meteor_brick_chiseled,15.0F,900.0F
meteor_brick_cracked,meteor_brick_cracked,15.0F,900.0F
meteor_brick_mossy,meteor_brick_mossy,15.0F,900.0F
meteor_pillar,meteor_pillar,15.0F,900.0F
meteor_polished,meteor_polished,15.0F,900.0F
meteor_spawner,meteor_spawner,15.0F,900.0F
statue_elb_w,ngtv,Float.POSITIVE_INFINITY,Float.POSITIVE_INFINITY
nuke_boy,nuke_boy,5.0F,6000.0F
nuke_custom,nuke_custom,5.0F,6000.0F
nuke_fleija,nuke_fleija,5.0F,6000.0F
nuke_fstbmb,nuke_fstbmb,5.0F,6000.0F
nuke_gadget,nuke_gadget,5.0F,6000.0F
nuke_man,nuke_man,5.0F,6000.0F
nuke_mike,nuke_mike,5.0F,6000.0F
nuke_n2,nuke_n2,5.0F,6000.0F
nuke_prototype,nuke_prototype,5.0F,6000.0F
nuke_solinium,nuke_solinium,5.0F,6000.0F
nuke_tsar,nuke_tsar,5.0F,6000.0F
statue_elb,null,Float.POSITIVE_INFINITY,Float.POSITIVE_INFINITY
obj_tester,obj_tester,2.5F,10.0F
oil_pipe,oil_pipe,5.0F,10.0F
ore_aluminium,ore_aluminium,5.0F,10.0F
ore_asbestos,ore_asbestos,5.0F,15.0F
ore_australium,ore_australium,5.0F,10.0F
ore_bedrock_block,ore_bedrock_block,,6_000_000
ore_bedrock_coltan,ore_bedrock_coltan,,6_000_000
ore_bedrock_oil,ore_bedrock_oil,,6_000_000
ore_beryllium,ore_beryllium,5.0F,15.0F
ore_cinnebar,ore_cinnebar,5.0F,10.0F
ore_coal_oil,ore_coal_oil,5.0F,15.0F
ore_coal_oil_burning,ore_coal_oil_burning,5.0F,15.0F
ore_cobalt,ore_cobalt,5.0F,10.0F
ore_coltan,ore_coltan,15.0F,10.0F
ore_copper,ore_copper,5.0F,10.0F
ore_daffergon,ore_daffergon,5.0F,10.0F
ore_fluorite,ore_fluorite,5.0F,10.0F
ore_gneiss_asbestos,ore_gneiss_asbestos,1.5F,10.0F
ore_gneiss_copper,ore_gneiss_copper,1.5F,10.0F
ore_gneiss_gas,ore_gneiss_gas,1.5F,10.0F
ore_gneiss_gold,ore_gneiss_gold,1.5F,10.0F
ore_gneiss_iron,ore_gneiss_iron,1.5F,10.0F
ore_gneiss_lithium,ore_gneiss_lithium,1.5F,10.0F
ore_gneiss_rare,ore_gneiss_rare,1.5F,10.0F
ore_gneiss_schrabidium,ore_gneiss_schrabidium,1.5F,10.0F
ore_gneiss_uranium,ore_gneiss_uranium,1.5F,10.0F
ore_gneiss_uranium_scorched,ore_gneiss_uranium_scorched,1.5F,10.0F
ore_hematite,ore_hematite,7.0F,20F
ore_lead,ore_lead,5.0F,10.0F
ore_lignite,ore_lignite,5.0F,15.0F
ore_malachite,ore_malachite,7.0F,20F
ore_meteor_aluminium,ore_meteor_aluminium,5.0F,10.0F
ore_meteor_copper,ore_meteor_copper,5.0F,10.0F
ore_meteor_lead,ore_meteor_lead,5.0F,10.0F
ore_meteor_lithium,ore_meteor_lithium,5.0F,10.0F
ore_meteor_starmetal,ore_meteor_starmetal,10.0F,100.0F
ore_meteor_sulfur,ore_meteor_sulfur,5.0F,10.0F
ore_meteor_thorium,ore_meteor_thorium,5.0F,10.0F
ore_meteor_titanium,ore_meteor_titanium,5.0F,10.0F
ore_meteor_tungsten,ore_meteor_tungsten,5.0F,10.0F
ore_meteor_uranium,ore_meteor_uranium,5.0F,10.0F
ore_nether_coal,ore_nether_coal,0.4F,10.0F
ore_nether_cobalt,ore_nether_cobalt,0.4F,10.0F
ore_nether_fire,ore_nether_fire,0.4F,10.0F
ore_nether_plutonium,ore_nether_plutonium,0.4F,10.0F
ore_nether_schrabidium,ore_nether_schrabidium,15.0F,600.0F
ore_nether_smoldering,ore_nether_smoldering,0.4F,10.0F
ore_nether_sulfur,ore_nether_sulfur,0.4F,10.0F
ore_nether_tungsten,ore_nether_tungsten,0.4F,10.0F
ore_nether_uranium,ore_nether_uranium,0.4F,10.0F
ore_nether_uranium_scorched,ore_nether_uranium_scorched,0.4F,10.0F
ore_niter,ore_niter,5.0F,10.0F
ore_oil,ore_oil,5.0F,10.0F
ore_oil_empty,ore_oil_empty,5.0F,10.0F
ore_oil_sand,ore_oil_sand,0.5F,1.0F
ore_rare,ore_rare,5.0F,10.0F
ore_reiium,ore_reiium,5.0F,10.0F
ore_schrabidium,ore_schrabidium,15.0F,600.0F
ore_sulfur,ore_sulfur,5.0F,10.0F
ore_tektite_osmiridium,ore_tektite_osmiridium,2.5F,20F
ore_thorium,ore_thorium,5.0F,10.0F
ore_tikite,ore_tikite,5.0F,10.0F
ore_titanium,ore_titanium,5.0F,10.0F
ore_tungsten,ore_tungsten,5.0F,10.0F
ore_unobtainium,ore_unobtainium,5.0F,10.0F
ore_uranium,ore_uranium,5.0F,10.0F
ore_uranium_scorched,ore_uranium_scorched,5.0F,10.0F
ore_verticium,ore_verticium,5.0F,10.0F
ore_weidanium,ore_weidanium,5.0F,10.0F
pink_barrel,pink_barrel,0.5F,2.5F
plant_dead_big_flower,plant_dead_big_flower,0,0
plant_dead_fern,plant_dead_fern,0,0
plant_dead_flower,plant_dead_flower,0,0
plant_dead_generic,plant_dead_generic,0,0
plant_dead_grass,plant_dead_grass,0,0
plasma,plasma,5.0F,6000.0F
plasma_heater,plasma_heater,5.0F,6000.0F
pole_satellite_receiver,pole_satellite_receiver,5.0F,15.0F
pole_top,pole_top,5.0F,15.0F
press_preheater,press_preheater,5.0F,10.0F
pribris,pribris,50.0F,600.0F
pribris_burning,pribris_burning,50.0F,1200.0F
pribris_digamma,pribris_digamma,50.0F,6000.0F
pribris_radiating,pribris_radiating,50.0F,2000.0F
qe_containment,qe_containment,100.0F,10000.0F
qe_sliding_door,qe_sliding_door,100.0F,1000.0F
radio_torch_receiver,radio_torch_receiver,0.1F,10.0F
radio_torch_sender,radio_torch_sender,0.1F,10.0F
radiobox,radiobox,5.0F,10.0F
radiorec,radiorec,5.0F,10.0F
radsensor,radsensor,5.0F,10.0F
rail_booster,rail_booster,5.0F,10.0F
rail_highspeed,rail_highspeed,5.0F,10.0F
railgun_plasma,railgun_plasma,5.0F,10.0F
railing_bend,railing_bend,0.25F,2.0F
railing_end_flipped_floor,railing_end_flipped_floor,0.25F,2.0F
railing_end_flipped_self,railing_end_flipped_self,0.25F,2.0F
railing_end_floor,railing_end_floor,0.25F,2.0F
railing_end_self,railing_end_self,0.25F,2.0F
railing_normal,railing_normal,0.25F,2.0F
rbmk_absorber,rbmk_absorber,15.0F,100.0F
rbmk_blank,rbmk_blank,15.0F,100.0F
rbmk_boiler,rbmk_boiler,15.0F,100.0F
rbmk_console,rbmk_console,5.0F,10.0F
rbmk_control,rbmk_control,15.0F,100.0F
rbmk_control_auto,rbmk_control_auto,15.0F,100.0F
rbmk_control_mod,rbmk_control_mod,15.0F,100.0F
rbmk_cooler,rbmk_cooler,15.0F,100.0F
rbmk_crane_console,rbmk_crane_console,5.0F,10.0F
rbmk_heater,rbmk_heater,15.0F,100.0F
rbmk_loader,rbmk_loader,15.0F,100.0F
rbmk_moderator,rbmk_moderator,15.0F,100.0F
rbmk_outgasser,rbmk_outgasser,15.0F,100.0F
rbmk_reflector,rbmk_reflector,15.0F,100.0F
rbmk_rod,rbmk_rod,15.0F,100.0F
rbmk_rod_mod,rbmk_rod_mod,15.0F,100.0F
rbmk_rod_reasim,rbmk_rod_reasim,15.0F,100.0F
rbmk_rod_reasim_mod,rbmk_rod_reasim_mod,5.0F,100.0F
rbmk_steam_inlet,rbmk_steam_inlet,50.0F,60.0F
rbmk_steam_outlet,rbmk_steam_outlet,50.0F,60.0F
rbmk_storage,rbmk_storage,15.0F,100.0F
reactor_computer,reactor_computer,5.0F,10.0F
reactor_conductor,reactor_conductor,5.0F,10.0F
reactor_control,reactor_control,5.0F,10.0F
reactor_ejector,reactor_ejector,5.0F,1000.0F
reactor_element,reactor_element,5.0F,10.0F
reactor_hatch,reactor_hatch,5.0F,1000.0F
reactor_inserter,reactor_inserter,5.0F,1000.0F
red_barrel,red_barrel,0.5F,2.5F
red_cable,red_cable,5.0F,10.0F
red_cable_gauge,red_cable_gauge,5.0F,10.0F
red_connector,red_connector,5.0F,10.0F
red_pylon,red_pylon,5.0F,10.0F
red_pylon_large,red_pylon_large,5.0F,10.0F
red_wire_coated,red_wire_coated,5.0F,10.0F
red_wire_sealed,red_wire_sealed,15.0F,10000.0F
reinforced_brick,reinforced_brick,15.0F,8000.0F
reinforced_brick_slab,reinforced_brick_slab,15.0F,4000.0F
reinforced_brick_stairs,reinforced_brick_stairs,15.0F,6000.0F
reinforced_glass,reinforced_glass,15.0F,400.0F
reinforced_lamp_off,reinforced_lamp_off,15.0F,300.0F
reinforced_lamp_on,reinforced_lamp_on,15.0F,300.0F
reinforced_light,reinforced_light,15.0F,300.0F
reinforced_sand,reinforced_sand,15.0F,400.0F
reinforced_sand_slab,reinforced_sand_slab,15.0F,200.0F
reinforced_sand_stairs,reinforced_sand_stairs,15.0F,300.0F
reinforced_stone,reinforced_stone,15.0F,3000.0F
reinforced_stone_slab,reinforced_stone_slab,15.0F,1500.0F
reinforced_stone_stairs,reinforced_stone_stairs,15.0F,2250.0F
residue,residue,0.5F,0.5F
round_airlock_door,round_airlock_door,100.0F,10000.0F
machine_powerrtg,rtg_polonium,5.0F,10.0F
safe,safe,7.5F,10000.0F
sat_dock,sat_dock,5.0F,10.0F
seal_controller,seal_controller,10.0F,100.0F
seal_frame,seal_frame,10.0F,100.0F
seal_hatch,seal_hatch,Float.POSITIVE_INFINITY,Float.POSITIVE_INFINITY
secure_access_door,secure_access_door,200.0F,20000.0F
sellafield_0,sellafield_0,5.0F,6F
sellafield_1,sellafield_1,5.0F,6F
sellafield_2,sellafield_2,5.0F,6F
sellafield_3,sellafield_3,5.0F,7F
sellafield_4,sellafield_4,5.0F,8F
sellafield_core,sellafield_core,10.0F,9F
sellafield_slaked,sellafield_slaked,5.0F,6F
silo_hatch,silo_hatch,10.0F,5000.0F
sliding_blast_door,sliding_blast_door,150.0F,7500.0F
sliding_blast_door_2,sliding_blast_door_2,150.0F,7500.0F
sliding_blast_door_keypad,sliding_blast_door_keypad,150.0F,7500.0F
sliding_gate_door,sliding_gate_door,100.0F,10000.0F
sliding_seal_door,sliding_seal_door,10.0F,1000.0F
small_hatch,small_hatch,100.0F,1000.0F
solar_mirror,solar_mirror,5.0F,10.0F
soyuz_capsule,soyuz_capsule,5.0F,10.0F
soyuz_launcher,soyuz_launcher,5.0F,10.0F
spikes,spikes,2.5F,5.0F
spinny_light,spinny_light,5.0F,5.0F
steel_beam,steel_beam,5.0F,15.0F
steel_corner,steel_corner,15.0F,15.0F
steel_grate,steel_grate,2.0F,5.0F
steel_poles,steel_poles,5.0F,15.0F
steel_roof,steel_roof,5.0F,15.0F
steel_scaffold,steel_scaffold,5.0F,15.0F
steel_wall,steel_wall,5.0F,15.0F
stone_gneiss,stone_gneiss,1.5F,10.0F
struct_iter_core,struct_iter_core,5.0F,10.0F
struct_launcher,struct_launcher,5.0F,10.0F
struct_launcher_core,struct_launcher_core,5.0F,10.0F
struct_launcher_core_large,struct_launcher_core_large,5.0F,10.0F
struct_plasma_core,struct_plasma_core,5.0F,10.0F
struct_scaffold,struct_scaffold,5.0F,10.0F
struct_soyuz_core,struct_soyuz_core,5.0F,10.0F
struct_watz_core,struct_watz_core,5.0F,10.0F
substation,substation,5.0F,10.0F
taint,taint,15.0F,10.0F
taint_barrel,taint_barrel,0.5F,2.5F
tape_recorder,tape_recorder,5.0F,15.0F
tektite,tektite,1.5F,10F
tesla,tesla,5.0F,10.0F
therm_endo,therm_endo,5.0F,6000.0F
therm_exo,therm_exo,5.0F,6000.0F
tile_lab,tile_lab,1.0F,20.0F
tile_lab_broken,tile_lab_broken,1.0F,20.0F
tile_lab_broken_slab,tile_lab_broken_slab,1.0F,10.0F
tile_lab_broken_stairs,tile_lab_broken_stairs,1.0F,15.0F
tile_lab_cracked,tile_lab_cracked,1.0F,20.0F
tile_lab_cracked_slab,tile_lab_cracked_slab,1.0F,10.0F
tile_lab_cracked_stairs,tile_lab_cracked_stairs,1.0F,15.0F
tile_lab_slab,tile_lab_slab,1.0F,10.0F
tile_lab_stairs,tile_lab_stairs,1.0F,15.0F
transition_seal,transition_seal,1000.0F,1000000.0F
turret_brandon,turret_brandon,5.0F,600.0F
turret_cheapo,turret_cheapo,5.0F,10.0F
turret_chekhov,turret_chekhov,5.0F,600.0F
turret_cwis,turret_cwis,5.0F,10.0F
turret_flamer,turret_flamer,5.0F,10.0F
turret_friendly,turret_friendly,5.0F,10.0F
turret_fritz,turret_fritz,5.0F,600.0F
turret_heavy,turret_heavy,5.0F,10.0F
turret_howard,turret_howard,5.0F,600.0F
turret_howard_damaged,turret_howard_damaged,5.0F,600.0F
turret_jeremy,turret_jeremy,5.0F,600.0F
turret_light,turret_light,5.0F,10.0F
turret_maxwell,turret_maxwell,5.0F,600.0F
turret_richard,turret_richard,5.0F,600.0F
turret_rocket,turret_rocket,5.0F,10.0F
turret_spitfire,turret_spitfire,5.0F,10.0F
turret_tau,turret_tau,5.0F,10.0F
turret_tauon,turret_tauon,5.0F,600.0F
statue_elb_f,undef,Float.POSITIVE_INFINITY,Float.POSITIVE_INFINITY
uu_gigafactory,uu_gigafactory,5.0F,10.0F
vault_door,vault_door,500.0F,36000.0F
vent_chlorine,vent_chlorine,5.0F,10.0F
vent_chlorine_seal,vent_chlorine_seal,5.0F,10.0F
vent_cloud,vent_cloud,5.0F,10.0F
vent_pink_cloud,vent_pink_cloud,5.0F,10.0F
vitrified_barrel,vitrified_barrel,0.5F,2.5F
statue_elb_g,void,Float.POSITIVE_INFINITY,Float.POSITIVE_INFINITY
volcano_core,volcano_core,,10000.0F
waste_dirt,waste_dirt,0.5F,1.0F
waste_earth,waste_earth,0.5F,1.0F
waste_gravel,waste_gravel,0.5F,1.0F
waste_leaves,waste_leaves,0.3F,0.3F
waste_log,waste_log,5.0F,2.5F
waste_mycelium,waste_mycelium,0.5F,1.0F
waste_planks,waste_planks,0.5F,2.5F
waste_sand,waste_sand,0.5F,1.0F
waste_sand_red,waste_sand_red,0.5F,1.0F
waste_sandstone,waste_sandstone,3.0F,6.0F
waste_sandstone_red,waste_sandstone_red,3.0F,6.0F
waste_terracotta,waste_terracotta,4.0F,8.0F
waste_trinitite,waste_trinitite,0.5F,2.5F
waste_trinitite_red,waste_trinitite_red,0.5F,2.5F
water_door,water_door,50.0F,500.0F
watz,watz,5.0F,10.0F
watz_casing,watz_casing,5.0F,10.0F
watz_cooler,watz_cooler,5.0F,10.0F
watz_element,watz_element,5.0F,10.0F
watz_pump,watz_pump,5.0F,10.0F
yellow_barrel,yellow_barrel,0.5F,2.5F
